"Title","Content","Source"
"[THE LAB] OnePlus Nord CE4 Lite - A No-Nonsense Phone with ...","It seems to be a deliberate decision OnePlus took to differentiate their budget devices from higher-end models, which feels like a bit of a letdown. I was ...","https://community.oneplus.com/thread/1640187762420219911"
"OnePlus Nord CE4 Lite 5G","... OnePlus DoU (Day of Use) model. The actual performance experienced by users may vary based on specific charging environments and usage conditions. 5. The ...","https://www.oneplus.com/global/nord-ce4-lite-5g"
"The Lab - OnePlus Nord CE4 Lite 5G Ultra Orange [First Impressions]","Hey everyone!Guess what? I got my hands on the brand-new OnePlus Nord CE4 Lite 5G in the stunning Ultra Orange colour! Thanks to the OnePlus Global ...","https://community.oneplus.com/thread/1635385896716992513"
"Nord CE4 Lite EU version doesn't come with charger in a box : r ...","Jun 24, 2024 ... But now OnePlus has expended this to Europe. Based on image from review and also official website there is NO CHARGER included in Nord CE4 Lite ...","https://www.reddit.com/r/oneplus/comments/1dnnlap/nord_ce4_lite_eu_version_doesnt_come_with_charger/"
"OnePlus Nord CE4 - Full phone specifications","OnePlus Nord CE4 Android smartphone. Announced Apr 2024. Features 6.7″ display, Snapdragon 7 Gen 3 chipset, 5500 mAh battery, 256 GB storage, 8 GB RAM.","https://www.gsmarena.com/oneplus_nord_ce4-12892.php"
"OnePlus Nord CE4","Contest results will be shown on the page after your participation. 4. There are free new OnePlus Nord products and brand new nord cases to be won. All winnings ...","https://www.oneplus.in/launch/nord-ce4-5g"
"OnePlus Nord CE4 Lite 5G CPH2621 256GB 8GB RAM (FACTORY ...","OnePlus Nord CE4 Lite 5G CPH2621 (FACTORY UNLOCKED) 6.67"" 50MP. 256GB 8GB RAM. Internal 256GB 8GB RAM. 5G bands 1, 2, 3, 5, 7, 8, 12, 20, 28, 38, 40, 41, ...","https://www.ebay.com/itm/204889132641"
"Oneplus Nord CE4 (Dark Chrome, 8GB RAM, 128GB Storage ...","Oneplus Nord CE4 (Dark Chrome, 8GB RAM, 128GB Storage) : Amazon.in.","https://www.amazon.in/Oneplus-Nord-Chrome-128GB-Storage/dp/B0CX59H5W7"
"OnePlus Nord CE4 Lite Arrives to Battle Samsung's Cheap Phone ...","Jun 24, 2024 ... The company has confirmed that the Nord CE4 Lite will receive only two years of Android software support and an additional third year of ...","https://www.cnet.com/tech/mobile/oneplus-nord-ce4-lite-arrives-to-battle-samsungs-cheap-phone/"
"OnePlus Nord CE4 Lite could be the best value phone of the year ...","Jun 24, 2024 ... OnePlus Nord CE4 Lite could be ... Nord family of models. One other translation to bear in mind is that OnePlus launched last year's model ...","https://www.tomsguide.com/phones/oneplus-phones/oneplus-nord-ce4-lite-could-be-the-best-value-phone-of-the-year-what-you-need-to-know"
"OnePlus Nord - Wikipedia","OnePlus Nord. Brand · OnePlus · Manufacturer, OnePlus. Slogan, Pretty much everything you could ask for. Model, AC2001 (India) AC2003 (Europe). Codename, Avicii.","https://en.wikipedia.org/wiki/OnePlus_Nord"
"OnePlus Nord CE4 Lite review: For your daily chores - Times of India","Jul 26, 2024 ... The OnePlus Nord CE4 Lite -- the successor to last year's model -- Nord CE3 Lite -- is here and it does exactly what it should -- cater to ...","https://timesofindia.indiatimes.com/technology/reviews/oneplus-nord-ce4-lite-review-for-your-daily-chores/articleshow/112044682.cms"
"OnePlus Nord's latest model to debut on April 1! CE 4 to be the ...","Mar 25, 2024 ... OnePlus Nord CE4 will come with several exciting features such as a massive 16 MP camera (which will enable users to take the perfect ...","https://m.economictimes.com/magazines/panache/oneplus-nords-latest-model-to-debut-on-april-1-ce-4-to-be-the-fastest-charging-nord-smartphone/articleshow/108763351.cms"
"OnePlus Nord CE4 Launch Today: Check expected price, features ...","Apr 1, 2024 ... The OnePlus Nord CE4 is rumoured to be priced at Rs 24,999 for the 8GB RAM + 128GB storage configuration, according to tipster Abhishek Yadav. A ...","https://www.businesstoday.in/technology/news/story/oneplus-nord-ce4-launch-today-check-expected-price-features-other-details-423643-2024-04-01"
"OnePlus Nord CE4 review: Still not good enough | Android Central","Apr 14, 2024 ... The phone is sold in Celadon Marble (the model I'm using) and Dark Chrome color variants, and it retails for ₹24,999 ($300). That's for the ...","https://www.androidcentral.com/phones/oneplus-nord-ce4-review"
"OnePlus Nord CE4 Lite Review: When All You Need Is Power","Jun 27, 2024 ... The OnePlus Nord CE4 Lite has an attractive price of £299, but at that price you can't have everything you want.","https://www.forbes.com/sites/ewanspence/2024/06/27/oneplus-nord-ce4-lite-5g-review-display-battery-camera-specs-review/"
"OnePlus Nord CE4 Lite 5G (Mega Blue, 8GB RAM, 256GB Storage ...","Brand OnePlus Operating System OxygenOS RAM Memory Installed Size 8 GB Memory Storage Capacity 256 GB Model Name OnePlus Nord CE4 Lite About this item 5500 ...","https://electronicparadise.in/products/oneplus-nord-ce4-lite-5g-mega-blue-8gb-ram-256gb-storage"
"OnePlus Nord CE4 ( 128 GB Storage, 8 GB RAM ) Online at Best ...","Buy OnePlus Nord CE4 online at best price with offers in India. OnePlus Nord CE4 (Celadon Marble, 128 GB) features and specifications include 8 GB RAM, ...","https://www.flipkart.com/oneplus-nord-ce4-celadon-marble-128-gb/p/itm5a09089114afb?pid=MOBGZN8YJ4KZ2KNH"
"OnePlus Nord CE4 - Specifications","Specifications of the OnePlus Nord CE4. Dimensions: 75.3 x 162.5 x 8.4 mm, Weight: 186 g, SoC: Qualcomm Snapdragon 7 Gen 3 (SM7550-AB), CPU: 1x 2.63 GHz ...","https://www.devicespecifications.com/en/model/d01e5f9b"
"Buy OnePlus Nord CE4 LIte 5G - OnePlus (United Kingdom)","Get the price of OnePlus Nord CE4 Lite 5G. Instant 50 € early bird discount with pre-order. Save up to 130 € on your OnePlus Nord CE4 Lite 5G when you buy ...","https://oneplus.com/uk/oneplus-nord-ce4-lite-5g?sku=5011110198&_gl=1*1ektise*_up*MQ..*_ga*MTYzNzAwMjEyOC4xNzE5MjkzMzkx*_ga_2JD4LD71G7*MTcxOTI5MzM5MS4xLjEuMTcxOTI5MzQzMy4wLjAuMA.."
"OnePlus Nord CE4 price in India leaked ahead of April 1 launch ...","Mar 21, 2024 ... ... model of the OnePlus Nord CE4 could be either Rs 26,999 or Rs 27,999. This model is confirmed to come with 8GB of RAM and up to 256GB of ...","https://www.indiatoday.in/technology/news/story/oneplus-nord-ce4-price-in-india-leaked-ahead-of-april-1-launch-2517543-2024-03-21"
"OnePlus Nord CE4 Lite Review: 50MP Sony sensor at a low price ...","Jul 19, 2024 ... If you compare this to some other similarly priced models on the market, such as the Motorola Edge 40 Neo which has not only a 50MP main sensor, ...","https://amateurphotographer.com/review/oneplus-nord-ce4-lite-review/"
"OnePlus Nord CE4 Lite launches with two-day battery life and a ...","Jun 24, 2024 ... Specifically, the Nord CE4 Lite packs a 5,110mAh battery, 80W fast charging, a 6.7-inch 120Hz AMOLED display and a 50MP main rear camera.","https://www.techradar.com/phones/oneplus-phones/oneplus-nord-ce4-lite-launches-with-two-day-battery-life-and-a-galaxy-beating-price"
"OnePlus Nord CE4 Lite Dual SIM 256GB ROM + 8GB ... - Amazon.com","Amazon.com: OnePlus Nord CE4 Lite Dual SIM 256GB ROM + 8GB RAM (GSM ONLY | NO CDMA) Factory Unlocked 5G Smartphone (Mega Blue) - International Version ...","https://www.amazon.com/OnePlus-256GB-Factory-Unlocked-Smartphone/dp/B0D47HKQJM"
"OnePlus Nord CE4 review: Feature-packed mid-ranger with solid ...","Apr 1, 2024 ... IST. OnePlus has positioned the Nord CE4 5G as an affordable smartphone inspired by its higher-end models, promising value-for-money ...","https://www.business-standard.com/technology/tech-reviews/oneplus-nord-ce4-review-feature-packed-mid-ranger-with-solid-battery-life-124040100828_1.html"
"The OnePlus Nord CE4: Evaluating battery longevity and software ...","Apr 13, 2024 ... There's Nord, Nord CE, and also Nord CE Lite, the latest being the Nord CE4, which is priced at Rs. 24,999 for the base model and Rs. 26,999 for ...","https://www.theweek.in/review/gadgets/2024/04/13/the-oneplus-nord-ce4--evaluating-battery-longevity-and-software-.html"
"User Manuals","We recommend reading the OnePlus user manual that will guide you through everything you need to know about your OnePlus device. TV. Monitor. OnePlus. Nord.","https://service.oneplus.com/in/user-manual"
"OnePlus Nord CE 4 Lite 5G 8GB RAM 256GB Storage SIM-Free ...","OnePlus. Operating system. OxygenOS. RAM memory installed size. 8 GB. CPU model. Snapdragon. Memory storage capacity. 256 GB. Screen size. 6.67 Inches. {Camera} ...","https://www.amazon.co.uk/OnePlus-Storage-SIM-Free-Smartphone-Camera/dp/B0D47HKQJM"
"OnePlus Nord CE4 Lite: European model debuts with smaller rated ...","Jun 24, 2024 ... OnePlus has just made the CE4 Lite official as the latest in the line of Nord-series Android smartphones that is often exclusive to certain ...","https://www.notebookcheck.net/OnePlus-Nord-CE4-Lite-European-model-debuts-with-smaller-rated-capacity-than-Indian-version.852262.0.html"
"Battery For OnePlus Nord CE4 | ORIGINAL | Replacement","Description · Oneplus Nord CE4 Battery Module | For Replacement | ORIGINAL · Product Specifications · Phone Model : · Oneplus Nord CE4 Battery · Why Should You Buy ...","https://www.cellspare.com/oneplus-nord-ce4-battery-module"
"OnePlus Nord CE4 Lite 5G (Mega Blue, 8GB RAM, 256GB Storage ...","ONEPLUS. Operating system. OxygenOS. Installed RAM memory size. 8 GB. Memory storage capacity. 256 GB. Model name. OnePlus Nord CE4 Lite. Wireless carrier.","https://www.amazon.ae/OnePlus-Nord-Lite-256GB-Storage/dp/B0D5YF238N"
"OnePlus Nord CE4 Lite: 5 things you need to know","Jun 24, 2024 ... We get a 50MP camera, not the 108MP of the old model. However, let's look a little closer. This camera is based around the Sony LYT-600 sensor, ...","https://www.shortlist.com/lists/oneplus-nord-ce4-lite-5-things-you-need-to-know-404618"
"Oneplus Nord CE4 (Dark Chrome, 8GB RAM, 256GB Storage): Buy ...","Brand ... ONEPLUS ... Operating system ... OxygenOS ... Installed RAM memory size ... 8 GB ... CPU model ... Snapdragon ... Memory storage capacity ... 256 GB ... Screen size.","https://www.amazon.ae/Oneplus-Nord-Chrome-256GB-Storage/dp/B0CX5BZXLF"
"OnePlus Nord CE4 Lite Price in Kenya - Phone Place Kenya","Model Name, Nord CE4 Lite 5G ; Status, Released to the market on June 24th, 2024. ; Network, 5G ; Dimensions · 162.9 x 75.6 x 8.1 mm (6.41 x 2.98 x 0.32 in) ; Weight ...","https://www.phoneplacekenya.com/product/oneplus-nord-ce4-lite/"
"Is the OnePlus Nord CE 4 a reliable phone in the market? - Quora","Apr 3, 2024 ... Very few android models get regular updates of OS. For example, my 3 year old Moto G was originally on Oreo 8.0 and it was upgraded to Oreo 8.1.","https://www.quora.com/Is-the-OnePlus-Nord-CE-4-a-reliable-phone-in-the-market"
"OnePlus Nord CE 4 Lite 5G Review: Delivers reliable performance ...","Jul 8, 2024 ... The phone comes with improvements over its predecessor, the One Plus Nord CE 3 Lite. The latest model features an AMOLED display, an updated ...","https://www.thehindu.com/sci-tech/technology/gadgets/oneplus-nord-ce-4-lite-5g-review-delivers-reliable-performance-for-everyday-tasks/article68381050.ece"
"Buy OnePlus Nord CE4 5G (8GB RAM, 256GB, Marble) Online ...","Buy OnePlus Nord CE4 5G (8GB RAM, 256GB, Marble) online at best prices from Croma. Check product details, reviews & more. Shop now!","https://www.croma.com/oneplus-nord-ce4-5g-8gb-ram-256gb-marble-/p/305872"
"OnePlus Nord CE4 Lite hands-on review: Design, display, charging ...","Jun 24, 2024 ... As with previous Nord CE Lite phones, the design of the OnePlus Nord CE4 Lite follows similar themes as the more expensive model, ...","https://m.gsmarena.com/oneplus_nord_ce4_lite_hands_on-review-2714p2.php"
"OnePlus Nord CE4 Lite 5G (Super Silver, 8GB RAM, 256GB Storage ...","ONEPLUS. Operating system. OxygenOS. Installed RAM memory size. 8 GB. CPU model. Snapdragon. Memory storage capacity. 256 GB. Refresh rate. 120 hertz. Model ...","https://www.amazon.sa/-/en/OnePlus-Super-Silver-256GB-Storage/dp/B0D5YD7QSS"
"Buy OnePlus Nord CE4 8 GB RAM, 256 GB, Celadon Marble ...","Model, Nord CE4 ; Brand, One Plus ; Internal Storage, 256 GB ; Processor, Qualcomm Snapdragon 7 Gen 3 ; Operating System, OxygenOS 14.0 based on Android 14 ...","https://www.jiomart.com/p/electronics/oneplus-nord-ce4-8-gb-ram-256-gb-celadon-marble-mobile-phone/608658391"
"OnePlus Nord CE4 Lite review: Decent performer","Jun 27, 2024 ... OnePlus Nord CE 4 Lite's camera sample. Credit: DH Photo/KVN Rohit. Photography. OnePlus phone features ...","https://www.deccanherald.com/technology/oneplus-nord-ce4-lite-review-decent-performer-3083555"
"JLJ Mobiles - SUMMER SALE ✔️ ONEPLUS NORD CE4 LITE ...","Jul 16, 2024 ... SUMMER SALE ✔️ ONEPLUS NORD CE4 LITE ✔️ UNBEATABLE PRICE ✔️ MOBILE PHONE ACCESSORIES ✔️ IMPORTED FROM GERMANY EUROPEAN MODELS VISIT US IN.","https://www.facebook.com/jljmobiles/posts/summer-sale-%EF%B8%8Foneplus-nord-ce4-lite-%EF%B8%8Funbeatable-price-%EF%B8%8Fmobile-phone-accessories-%EF%B8%8F/787716046865722/"
"Buy OnePlus Nord CE4 Lite 5G Online at Best prices in India | Vijay ...","Shop for OnePlus Nord CE4 Lite 5G online at Vijay Sales & avail of the best offers. Get attractive EMI options with free delivery of OnePlus Nord CE4 Lite ...","https://www.vijaysales.com/mobiles-and-tablets/smartphones/model/buy-oneplus-nord-ce4-lite-5g-mobile-phone"
"OnePlus Nord CE4 vs Nothing Phone (2a): Ex and Violence! - TechPP","May 1, 2024 ... OnePlus Nord CE4 vs Nothing Phone (2a): They might be priced very close to each other, but the Phone (2a) and the Nord CE4 are very ...","https://techpp.com/2024/04/24/oneplus-nord-ce4-vs-nothing-phone-2a/"
"Buy Oneplus Nord CE4 Lite 5G (8GB 256GB - Mega Blue) in Qatar ...","Model No · 0 ; Now : QR 939 ; QR 939 ; Instock Online , Qty 3 ; Tomorrow 9:00 AM - 1:00 PM.","https://alaneesqatar.qa/product/oneplus-nord-ce4-lite-5g-8gb-256gb-mega-blue-in-qatar/"
"OnePlus Nord CE4 price in India tipped ahead of April 1st launch","Mar 20, 2024 ... The previous gen OnePlus Nord CE 3 5G launched at Rs 26,999 for the 8GB+128GB model, and Rs 26,999 for the 12GB+256GB model. OnePlus Nord CE4 ...","https://www.91mobiles.com/hub/oneplus-nord-ce-4-price-in-india-tipped/"
"Plus one reason to grab the OnePlus Nord CE4 | Model Town","Apr 8, 2024 ... 'Plus one' reason to grab the OnePlus Nord CE4! Get it at your nearest Reliance Digital store starting @₹24 999 with up to ₹1 500 Instant ...","https://www.reliancedigitalstores.in/reliance-digital-model-town-delhi-electronics-retail-and-repair-shop-model-town-new-delhi-208469/TimelineDetails/284698"
"OnePlus Nord CE4 Lite Review","Jun 24, 2024 ... The successor to last year's Nord CE4 Lite retains the same SoC, gets an AMOLED screen, a new 50MP camera, bigger battery and faster charging, while retaining ...","https://www.fonearena.com/blog/427033/oneplus-nord-ce4-lite-review.html"
"OnePlus Nord CE4 launches in India with Snapdragon 7 Gen 3 at ...","Apr 1, 2024 ... OnePlus has just unveiled the Nord CE4 - a mid-ranger with 100W charging, 120Hz AMOLED screen, and Snapdragon 7 Gen 3 chip.","https://indianexpress.com/article/technology/tech-news-technology/oneplus-nord-ce4-launch-9245415/"
"iQOO Z9s Pro vs. OnePlus Nord CE4: Which phone delivers better ...","Aug 25, 2024 ... The iQOO Z9s Pro and OnePlus Nord CE 4, both priced at Rs. 24999, offer similar features. Here we will compare these two models that will ...","https://tech.hindustantimes.com/mobile/news/iqoo-z9s-pro-vs-oneplus-nord-ce4-which-phone-delivers-better-performance-and-value-71724589893120.html"
"OnePlus Nord CE 4 Review: After a Month! - YouTube","Apr 24, 2024 ... Hi everyone, this is my full review of the OnePlus Nord CE 4 that recently launched for INR 25000. It comes with really impressive specs for ...","https://www.youtube.com/watch?v=uA8x17XSHas"
"OnePlus Nord CE 4 Lite 5G Review: Needs More Work - Tech Advisor","Jul 24, 2024 ... The Super Silver model that I received really leans into this, though I have to say that the Mega Blue alternative looks way more interesting.","https://www.techadvisor.com/article/2378241/oneplus-nord-ce-4-lite-5g-review.html"
"Best OnePlus Nord CE4 Lite Deals - MoneySavingExpert","Compare the best OnePlus Nord CE4 Lite contract deals with Cheap Mobile Finder by MoneySavingExpert. We have searched high and low to find you a cheap ...","https://www.moneysavingexpert.com/cheap-mobile-finder/contracts/oneplus/nord-ce4-lite/"
"OnePlus Nord CE4 5G review: 'Nothing' rivals this in performance","Apr 2, 2024 ... The OnePlus Nord CE4 5G is very easy to recommend. But if you want a brilliant camera and display to go with it, this may not be the best option for you.","https://www.digit.in/reviews/mobile-phones/oneplus-nord-ce4-review-nothing-rivals-this-in-performance.html"
"Battery for OnePlus Nord CE4 5G by Maxbhi.com","The battery uses a Lithium-ion core which maximizes the life. Also, one of the major features of the battery is that is it ultra thin and lightweight in design, ...","https://www.maxbhi.com/battery-for-oneplus-nord-ce4-5g.html"
"Buy OnePlus Android Smartphone Nord CE4 5G (8GB RAM, 128GB ...","Buy OnePlus Android Smartphone Nord CE4 5G (8GB RAM, 128GB Storage/ROM) CPH2613 Dark Chrome 6.7 inch Fluid AMOLED, 50 MP+8 MP Rear Camera, ...","https://www.lotuselectronics.com/product/smartphones/oneplus-android-smartphone-nord-ce4-8gb-ram-128gb-storagerom-cph2613-dark-chrome/38199"
"Alexander Vanderhaeghe on LinkedIn: Test – OnePlus Nord CE4 ...","Jun 27, 2024 ... OnePlus Nord CE4 Lite: the real deal in affordable smartphones! We find a premium experience on several points (design, screen, ...","https://www.linkedin.com/posts/alexandervanderhaeghe_test-oneplus-nord-ce4-lite-la-vraie-bonne-activity-7212021231074578432-75ia"
"OnePlus Nord CE4 - 7 Gen 3 any Good? - YouTube","Apr 1, 2024 ... Today let's dive into the sleek and stylish OnePlus Nord CE 4. Join me as I unbox this latest addition to the OnePlus lineup, ...","https://m.youtube.com/watch?v=BzojZFJ9Zzg"
"Techno Shopee ଆସି ନେଳେ oneplus Nord CE4 with 10 Gifts ❤️","Jun 9, 2024 ... 350 likes, 7 comments - technoshopee on June 9, 2024: ""Techno Shopee ଆସି ନେଳେ oneplus Nord CE4 with 10 Gifts ❤️ Techno Shopee Bhubaneswar, ...","https://www.instagram.com/technoshopee/reel/C8BnO1kRGFC/"
"ONEPLUS NORD CE4 8/128 GB ONLY IN ATTRACTIVE PRICE ...","Oct 2, 2024 ... ONEPLUS NORD CE4 8/128 GB ONLY IN ATTRACTIVE PRICE.. CALL NOW FAST... ONEPLUS NORD CE4 8/128 GB ONLY IN ATTRACTIVE PRICE ...","https://m.facebook.com/avi07vis199519969/videos/oneplus-nord-ce4-8128-gb-only-in-attractive-price-call-now-fast/968894411918754/"
"OnePlus Nord: Today Latest News, Photos, Videos about OnePlus ...","OnePlus Nord CE4 5G Review: Powerful mid-ranger with superior design. Sat, Apr 20, 2024. OnePlus Nord CE4 5G Review: The OnePlus Nord CE4 features a 6.7-inch ...","https://www.zeebiz.com/topics/oneplus-nord"
"OnePlus Nord CE4 Lite 8/256 GB 5G srebrny - Sklep, Opinie, Cena ...","Kup teraz ✓ OnePlus Nord CE4 Lite 8/256 GB 5G srebrny (kod producenta - CPH2621) za 999 zł - w kategorii Smartfony i telefony komórkowe - Telefony i ...","https://allegro.pl/oferta/oneplus-nord-ce4-lite-8-256-gb-5g-srebrny-16390818778"
"Comprar OnePlus Nord CE4 Lite 5G 256 GB + 8 GB móvil libre ...","Grande, atrevido y precioso. Sumérgete en un mundo de colores llamativos e imágenes nítidas con la pantalla AMOLED de 6,67 pulgadas y 120 Hz. Fabricada con ...","https://www.hipercor.es/electronica/A52216588-oneplus-nord-ce4-lite-5g-256-gb--8-gb-movil-libre/?parentCategoryId=5004.3283041022"
"OnePlus Nord CE4 Lite 5G, 8GB ram, 256GB opslag Zilver ...","Nord CE4 Lite 5G, 8GB ram, 256GB opslag Zilver. Alle 2 uitvoeringen · Nord CE4 Lite 5G, 8GB ram, 256GB opslag Blauw · Nord CE4 Lite 5G, 8GB ram, ...","https://tweakers.net/pricewatch/2089610/oneplus-nord-ce4-lite-5g-8gb-ram-256gb-opslag-zilver/abonnement/"