Title,Content,Source
Invensis: Global Business Process Outsourcing BPO Company,"Invensis, a global business process outsourcing BPO company offering a range of services including IT, finance and accounting, transaction management, etc.",https://www.invensis.net/
Invensis | LinkedIn,"At Invensis, we solve business inefficiencies. Since 2000 we have been providing streamlined back office outsourcing solutions for clients based around the ...",https://www.linkedin.com/company/invensis
Careers | Invensis Technologies,"Careers. Working with Invensis provides you the opportunity to work in a dynamic business environment, for clients located around the world. Our employees are ...",https://www.invensis.net/careers
"Working at Invensis Technologies: Culture, Careers, Benefits, Jobs ...","Discover what it's like to work at Invensis Technologies. Get insights into Invensis Technologies culture, salaries, career opportunities, ...",https://www.ambitionbox.com/overview/invensis-technologies-pvt-overview
About us | Invensis Technologies,"Over two decades, we have achieved significant milestones, expanded our reach, and diversified our offerings to become a 5000+workforce company.",https://www.invensis.net/about-us
Invensys is now Schneider Electric - Schneider Electric | Schneider ...,... technologies that optimise their operational performance and profitability. From oil refineries and power stations to mining companies and appliance ...,https://www.se.com/ww/en/brands/invensys/invensys.jsp
Contact us | Invensis Technologies,Features contact information of Invensis Technologies that helps to get in touch of outsourcing your business needs. Fill up the form and get connected with ...,https://www.invensis.net/contact-us
Anupa Rongala - Invensis | LinkedIn,"A visionary leader and expert strategist, bringing in close to two decades of rich… · Experience: Invensis · Location: Bengaluru · 500+ connections on ...",https://in.linkedin.com/in/anuparongala
Invensis Technologies Pvt Reviews: What Is It Like to Work At ...,"Sep 15, 2024 ... Invensis Technologies Pvt has an overall rating of 3.5 out of 5, based on over 99 reviews left anonymously by employees. 70% of employees would ...",https://www.glassdoor.com/Reviews/Invensis-Technologies-Pvt-Reviews-E519401.htm
Invensis Technologies | Rajahmundry,"Besides including under-qualified people, Invensis employs people with disabilities. “We have also employed differently-abled people. Most of them have data ...",https://www.facebook.com/p/Invensis-Technologies-100054639510488/
Invensis - Company Profile - Tracxn,"Aug 10, 2024 ... INVENSIS LEARNING PRIVATE LIMITED. May 01, 2018. -. -. INVENSIS TECHNOLOGIES PRIVATE LIMITED. Oct 02, 2000. $23.7M (as on Mar 31, 2022). $2.64M ...",https://tracxn.com/d/companies/invensis/__tEbVxUDoqJBAbtmGQ5d8MvdeWv-mQqmpARqOUwbaDQY
Invensis Technologies (P) Ltd: A Global BPO Service Provider from ...,The first challenge was the increased pressure on Invensis to remain competitive and cut costs while providing premium customer service. Clients were expecting ...,https://store.hbr.org/product/invensis-technologies-p-ltd-a-global-bpo-service-provider-from-india/907E22
Invensis Technologies Pvt Ltd - EXIN,"Invensis Technologies Pvt Ltd ... Invensis Learning offers a customized, live, virtual instructor-led corporate and 1-to-1 training program for enterprise teams ...",https://www.exin.com/partner/invensis-technologies-pvt-ltd/
INVENSIS TECHNOLOGIES PRIVATE LIMITED - Company ...,"INVENSIS TECHNOLOGIES PRIVATE LIMITED - company information, business information and directors/partners details.",https://www.zaubacorp.com/company/INVENSIS-TECHNOLOGIES-PRIVATE-LIMITED/U72200KA2000PTC027886
Invensis Technologies Careers and Employment | Indeed.com,There are 3 jobs at Invensis Technologies. Explore them all. Browse jobs by location. Karnataka 3 jobs. See all available jobs.,https://in.indeed.com/cmp/Invensis-Technologies
Working at Invensis Technologies Pvt | Glassdoor,40% of job seekers rate their interview experience at Invensis Technologies Pvt as positive. Candidates give an average difficulty score of 3 out of 5 (where 5 ...,"https://www.glassdoor.co.in/Overview/Working-at-Invensis-Technologies-Pvt-EI_IE519401.11,36.htm"
Invensys - Wikipedia,"Invensys Limited was a multinational engineering and information technology company headquartered in London, United Kingdom. At its height, the company had ...",https://en.wikipedia.org/wiki/Invensys
Invensis Technologies bags Mega Project with State Government ...,"Aug 22, 2011 ... Invensis has signed a huge project deal with the Southern Power Distribution Company of Andhra Pradesh Limited (APSPDCL).",https://www.webwire.com/ViewPressRel.asp?aId=143953
Invensis Technologies Pvt Ltd jobs,"Apply To 8 Invensis Technologies Pvt Ltd Jobs On Naukri.com, #1 Job Portal In India. Explore Invensis Technologies Pvt Ltd Job Openings In Your ...",https://www.naukri.com/invensis-technologies-pvt-ltd-jobs
Invensis Technologies - SI Team - SiliconIndia Magazine,"Oct 2, 2012 ... An enterprising global outsourcing company, Invensis provides expert BPO Services and strongly operates business by collaborating with its ...",https://www.siliconindia.com/magazine_articles/invensis-technologies-QSTJ257915801.html
"Invensis Technologies Pvt Ltd in Basavanagudi,Bangalore - Best ...","Invensis Technologies Pvt Ltd in Basavanagudi,Bangalore. Top BPO For Call Centre Services in Bangalore. Rated 3.4 based on 462 Customer Reviews and Ratings ...",https://www.justdial.com/Bangalore/Invensis-Technologies-Pvt-Ltd-Opposite-to-Vijaya-College-Basavanagudi/080P4001418_BZDET
"Invensis Technologies - Overview, News & Similar companies ...","View Invensis Technologies (www.invensis.net) location in Bangalore, India , revenue, industry and description. Find related and similar companies as well ...",https://www.zoominfo.com/c/invensis-learning/346684124
Invensis Inc | Outsource Accelerator,"Feb 1, 2024 ... Invensis is a leading business process outsourcing firm, providing an extensive range of services including IT, finance and accounting (F&A), revenue cycle ...",https://www.outsourceaccelerator.com/company/invensis-inc/
Invensis Learning Young Entrepreneur Scholarship Award | IEFA,"Nov 30, 2023 ... We are the training and development division of Invensis Technologies, a leading IT-BPO company with a portfolio spanning more than seven ...",https://www.iefa.org/scholarships/2685/Invensis_Learning_Young_Entrepreneur_Scholarship_Award
Invensis Technologies Pvt Ltd (InvensisTechnologies) - Profile ...,Invensis Technologies Pvt Ltd | We are a dynamic and innovative company providing a wide range of business process outsourcing (BPO) services.,https://in.pinterest.com/invensistechnologies/
"Invensis Technologies Pvt Ltd - Overview, CEO, Products, Business",Invensis Technologies Pvt Ltd is a private company and Invensis Technologies Pvt Ltd is classified as a Non Government company. Invensis Technologies Pvt ...,https://www.easyleadz.com/company/invensis-technologies
Invensis Technologies Private Limited - Service Provider from ...,"Invensis Technologies Private Limited, Bengaluru, Karnataka - We are Service Provider of Logistics And Supply Chain Sub Menu, Finance and Accounting ...",https://www.indiamart.com/invensis-technolog-bengaluru/aboutus.html
How Edstellar helps Invensis with standardized training services,"Invensis Technologies Pvt. Ltd is a leading provider of information technology, business process, and knowledge process services, with a 5000-employee team ...",https://www.edstellar.com/case-study/invensis-technologies-uses-edstellar-to-streamline-training-process
Advantages of Outsourcing Software Testing Services to Invensis ...,"Jul 30, 2014 ... Read about the Software Testing Capability by Invensis Technologies including range of software testing services, key stages of software ...",https://issuu.com/invensislearning/docs/invensis_technologies_software_test
Invensis Technologies Pvt Jobs in India | Invensis Technologies Pvt ...,Did not find a job you were looking for? icon. Search. Search for relevant jobs from 10000 ...,https://cutshort.io/company/invensis-technologies-pvt-28-2WLfnogQ
Invensis (@Invensis) / X,Invensis is a global Business Process Outsourcing company that provides end-to-end back office solutions to allow clients to focus on their core competencies.,https://twitter.com/invensis
Untitled,"Invensis Technologies Pvt. Ltd. 34/1, Upkar Chambers, R.V. Road Opposite Vijaya College, Bangalore, Karnataka 560004. Candy Store•7 posts. TopRecentIn the ...",https://www.instagram.com/explore/locations/603973653146220/invensis-technologies-pvt-ltd/
Anupa Rongala - Director CEO at Invensis Technologies | The Org,View Anupa Rongala at Invensis Technologies on The Org.,https://theorg.com/org/invensis/org-chart/anupa-rongala
Invensis Inc - Crunchbase Company Profile & Funding,Also Known As Invensis Technologies; Legal Name Invensis Technologies Pvt Ltd. Company Type For Profit. Contact Email sales@invensis ...,https://www.crunchbase.com/organization/invensis-technologies
Invensis Technologies - Manager - Social Media | iimjobs.com,"Aug 26, 2024 ... Job Description for Invensis Technologies - Manager - Social Media in Invensis Technologies Pvt Ltd in Bangalore for (5-6) years of ...",https://www.iimjobs.com/j/invensis-technologies-manager-social-media-5-6-yrs-1454612
How to get to Invensis Technologies in Marenahalli by bus or metro?,"Aug 25, 2024 ... The nearest metro station to Invensis Technologies in Marenahalli is Balagangadharanatha Swamiji Station, Hosahalli. It's a 23 min walk away.",https://moovitapp.com/index/en/public_transit-Invensis_Technologies-Bengaluru-site_68197639-3620
Invensis Technologies (P) Ltd: Global BPO Service Provider from ...,"Executive Director Invensis Technologies (P) Ltd (Invensis), met with the chief operating officer and vice president of human resources to deal with two ...",https://www.thecasesolutions.com/invensis-technologies-p-ltd-global-bpo-service-provider-from-india-6675
INVENSIS TECHNOLOGIES PRIVATE LIMITED,INVENSIS TECHNOLOGIES PRIVATE LIMITED's Corporate Identification Number (CIN) is U72200KA2000PTC027886. You can contact them by sending an email to ...,https://cleartax.in/f/company/invensis-technologies-private-limited/U72200KA2000PTC027886
Senior Developer job at Invensis Technologies - Instahyre,"Invensis Technologies is looking for a Senior Developer in Hyderabad with 5-7 years of experience in Backend Development, Java, JSP, Spring Boot, etc.",https://www.instahyre.com/job-300107-senior-developer-at-invensis-technologies-hyderabad/
Invensis Inc. | Better Business Bureau® Profile,"This organization is not BBB accredited. Information Technology Services in Wilmington, DE. See BBB rating, reviews, complaints, & more.",https://www.bbb.org/us/de/wilmington/profile/information-technology-services/invensis-inc-0251-92007228
"Invensis's Competitors, Revenue, Number of Employees, Funding ...","Invensis Press Releases. See all articles ». Invensis's News. September 23, 2016freePRnow. Invensis Technologies sponsors CSCB National Annual Conference 2016.",https://www.owler.com/company/invensis
10 Lessons from Steve Jobs for Every Managers | Invensis Learning ...,"Feb 28, 2023 ... This video from Invensis Learning, titled ""10 Lessons from Steve Jobs for All Managers,"" will offer you an insight of how Steve Jobs managed ...",https://www.youtube.com/watch?v=i-FUh0CFdCA
Top Emerging Trends in IT in 2022 | New Technologies 2022 ...,"Aug 9, 2022 ... This Invensis Learning video on ""Top Emerging Trends in IT in 2022"" will introduce you to the top emerging IT trends in 2022.",https://www.youtube.com/watch?v=qQrisDdtxUA
Invensis Learning | LinkedIn,Invensis Learning | 3.255 Follower:innen auf LinkedIn. Training and ... Trupp Global Technologies Pvt Ltd. Outsourcing & Offshoring. Bangalore ...,https://de.linkedin.com/company/invensis-learning?trk=ppro_cprof
Search products ... - SHRM Human Resource Vendor Directory,"ABA Technologies introduces a new OBM certificate, which incorporates ... At Invensis, our Offshore outsourcing services are focused towards delivering ...",https://vendordirectory.shrm.org/product?id=O
